﻿Designator,Footprint,Quantity,Value,LCSC Part #
BT1,PinHeader_1x02_P2.54mm_Vertical,1,CR2032,
BZ1,Buzzer_Murata_PKLCS1212E,1,Buzzer,
"C1, C2",0402,2,24pF,
"C10, C14",0402,2,100nF,C307331
"C11, C21, C34, C37, C5, C7",0402,6,100nF,
"C12, C25, C40, C9",0805,4,4.7uF,
"C13, C15, C16, C38, C8",0402,5,1UF,
"C17, C30",0805,2,1uF,
C18,0603,1,1uF,
C19,CP_Elec_10x10,1,10uF,
"C20, C22",0805,2,0.1uF,
"C23, C24, C31",0805,3,100nF,
"C26, C27",0805,2,22uF,
C28,0805,1,NS,
C29,0805,1,10pF,
"C3, C4",0402,2,5pF,
"C32, C33",0402,2, 2.2 μF,C60078
"C35, C36",0402,2,1nF,
"C39, C52",0805,2,47nF,
C6,0603,1,100nF,
D1,D_SOD-123,1,D,
D2,0805,1,LED,
D3,LED_D3.0mm,1,LED,
"F1, F2",RES-SMD_SA72SB0,2,SA72SB0,
FB2,0603,1,600 @ 100mhz,
"H1, H2, H3, H4, H5, H6",MountingHole_3.2mm_M3_DIN965_Pad,6,MountingHole,
J1,HRO_TYPE-C-31-M-12,1,TYPE-C-31-M-12,
"J10, J11, J12, J13, J7, J8, J9",PinHeader_1x01_P2.00mm_Vertical,7,Conn_01x01_Pin,
"J14, J15, J16, J17",TestPoint_Pad_D1.5mm,4,Conn_01x01_Pin,
J2,EXSTlink,1,STLINK,
J3,AMASS_XT60-M_1x02_P7.20mm_Vertical,1,CONN_BATT1,
J4,AMASS_XT60-M_1x02_P7.20mm_Vertical,1,CHG,
J5,AMASS_XT60-M_1x02_P7.20mm_Vertical,1,BEBAN,
J6,AMASS_XT60-M_1x02_P7.20mm_Vertical,1,CONN_BATT2,
L1,L_7.3x7.3_H3.5,1,10uH,
L7,0402,1,L,
"Q1, Q2, Q3, Q4",SOT-23,4,MMBT2222A 1P,C8512
Q5,SOT-23,1,BSS138,
"R1, R5, R7, R8",0402,4,5k1,
"R10, R13",1206,2,12K,
"R11, R14, R36, R40",0603,4,1K,
"R12, R15",1206,2,3.3K,
"R16, R18",0402,2,52.3K,
"R17, R44",0402,2,30.1K,
"R19, R20, R21, R22, R23, R25, R27, R28, R29, R30, R31, R33, R41, R42, R43",0603,15,10K,
R2,0805,1,4.7K,
"R24, R26, R32, R34",0603,4,2K,
R3,0402,1,47R,
R35,0603,1,3M3,
"R37, R38",0805,2,15K,
R39,0805,1,80.6K,
R4,0603,1,100R,
R51,0603,1,100R,C22775
R6,0603,1,15K,
R9,0402,1,1K,
SW1,KEY-SMD_4P-L4.2-W3.2-P2.20-LS4.6,1,EN,
SW2,KEY-SMD_4P-L4.2-W3.2-P2.20-LS4.6,1,BOOT,
TP1,TestPoint_Pad_2.0x2.0mm,1,TestPoint,
U1,TO-92_Inline,1,DS18B20,
"U10, U11, U8, U9",AP3P3R0MT,4,PMOS,
"U12, U7",SOP-8_3.9x4.9mm_P1.27mm,2,CC6900SO-20A,
U13,SOIC-8_3.9x4.9mm_P1.27mm,1,DS3231MZ,
"U14, U3",SOT-23-5,2,TPS73601DBV,
U2,LQFP-64_10x10mm_P0.5mm,1,~,
U4,SOT-23-6,1,USBLC6-2SC6,
U5,SOIC-8_5.275x5.275mm_P1.27mm,1,W25X40CLSS,
U6,SOT-23-6,1,MP2317GJ-P,
USB1,USB-C-SMD_GT-USB-7052_1,1,GT-USB-7052,C963223
Y1,Crystal_SMD_2012-2Pin_2.0x1.2mm,1,"32.768kHz, 9pF",
Y2,Crystal_SMD_2016-4Pin_2.0x1.6mm,1,"24MHz, 6pF",
