﻿Designator,Footprint,Quantity,Value,LCSC Part #
"C1, C2",0402,2,24pF,
C3,0805,1,4.7uF,
C4,0805,1,100nF,
C5,0603,1,100nF,
C6,0805,1,10uF,
C7,0805,1,1uF,
IC1,SOP65P640X120-20N,1,STM32G050F6P6,
"J1, J7",PinHeader_1x04_P2.54mm_Vertical,2,oled,
J2,RJ45_OST_PJ012-8P8CX_Vertical,1,RJ45 PORT,
J3,PinHeader_1x04_P2.54mm_Vertical,1,SERIAL PROG,
J4,PinHeader_1x02_P2.54mm_Vertical,1,~,
J5,PinHeader_1x03_P2.54mm_Vertical,1,GPIO OUT,
J6,PinHeader_1x03_P2.54mm_Vertical,1,Conn_01x03,
R1,0603,1,100R,
R2,0603,1,15K,
SW1,KEY-SMD_4P-L4.2-W3.2-P2.20-LS4.6,1,EN,
SW2,KEY-SMD_4P-L4.2-W3.2-P2.20-LS4.6,1,BOOT,
U1,SOT-223-3_TabPin2,1,LM1117-3.3,
Y1,Crystal_DS15_D1.5mm_L5.0mm_Vertical,1,32.768 kHz,
