﻿Designator,Footprint,Quantity,Value,LCSC Part #
ANT1,2500AT44M0400,1,2500AT44M0400E,
BT1,PinHeader_1x02_P2.54mm_Vertical,1,CR2032,
BZ1,Buzzer_Murata_PKLCS1212E,1,Buzzer,
"C1, C2",0402,2,24pF,
"C10, C14, C17, C44, C49",0402,5,100nF,C307331
"C11, C21, C33, C34, C35, C36, C38, C5, C7, C8",0402,10,100nF,
"C12, C25, C30, C52",0805,4,1uF,
"C13, C16",0402,2,1UF,
C15,0402,1,10nF,
C18,0603,1,1uF,
C19,CP_Elec_5x5.9,1,10uF,
"C20, C22",0805,2,0.1uF,
"C23, C24, C31",0805,3,100nF,
"C26, C27",0805,2,22uF,
C28,0805,1,NS,
C29,0805,1,10pF,
"C3, C4",0402,2,5pF,
C32,0402,1,4.7uF ,
C37,0603,1,100nF,
C39,0402,1,220nF,C16772
"C40, C41",0402,2,8pF,C26408
C42,0402,1,4.7uF,
C43,0402,1,3.4pF,C26404
C45,0402,1,1.2pF,C72135
"C46, C48",0402,2,0.5pF,C86284
"C47, C50, C51",0402,3,3pF,C318583
C6,0603,1,100nF,
C9,0805,1,10uF,
COM-TO-STM1,SW-SMD_SS-3235S-L2,1,~,C500056
D1,D_SOD-123,1,D,
"D2, D5, D6, D7",0805,4,LED,
D3,LED_D3.0mm,1,LED,
"F1, F2",RES-SMD_SA72SB0,2,SA72SB0,
"FB1, FB2",0603,2,600 @ 100mhz,
"H1, H2, H3, H4, H5, H6",MountingHole_3.2mm_M3_DIN965_Pad,6,MountingHole,
J1,HRO_TYPE-C-31-M-12,1,TYPE-C-31-M-12,
J2,PinHeader_1x01_P2.54mm_Vertical,1,Conn_01x01,
J3,AMASS_XT60-M_1x02_P7.20mm_Vertical,1,CONN_BATT1,
J4,AMASS_XT60-M_1x02_P7.20mm_Vertical,1,CHG,
J5,AMASS_XT60-M_1x02_P7.20mm_Vertical,1,BEBAN,
J6,AMASS_XT60-M_1x02_P7.20mm_Vertical,1,CONN_BATT2,
J7,PinHeader_1x04_P2.54mm_Vertical,1,PROG,
J9,PinHeader_2x07_P1.27mm_Vertical,1,STLink,
L1,L_7.3x7.3_H3.5,1,10uH,
L2,0402,1,L,
L3,0805,1,10uH,C504016
L4,0402,1,22nH,C12670
"L5, L6",0402,2,3n,
"Q1, Q2, Q3, Q4",SOT-23,4,MMBT2222A 1P,C8512
Q5,SOT-23,1,BSS138,
"R1, R5",0402,2,5k1,
"R10, R13, R16",1206,3,12K,
"R11, R14, R17, R36, R40",0603,5,1K,
"R12, R15, R18",1206,3,3.3K,
"R19, R20, R21, R22, R23, R25, R27, R28, R29, R30, R31, R33, R41, R42, R43",0603,15,10K,
R2,0805,1,4.7K,
"R24, R26, R32, R34",0603,4,2K,
R3,0402,1,47R,
R35,0603,1,3M3,
"R37, R38",0805,2,15K,
R39,0805,1,80.6K,
R4,0603,1,100R,
"R45, R47, R51",0603,3,100R,C22775
R46,0603,1,100K,
"R48, R49, R50, R9",0402,4,1K,
R6,0603,1,15K,
SW1,KEY-SMD_4P-L4.2-W3.2-P2.20-LS4.6,1,EN,
SW2,KEY-SMD_4P-L4.2-W3.2-P2.20-LS4.6,1,BOOT,
SW3,KEY-SMD_4P-L4.2-W3.2-P2.20-LS4.6,1,EN,C139797
SW4,KEY-SMD_4P-L4.2-W3.2-P2.20-LS4.6,1,BOOT_,C139797
TP1,TestPoint_Pad_2.0x2.0mm,1,TestPoint,
U1,TO-92_Inline,1,DS18B20,
"U10, U11, U8, U9",AP3P3R0MT,4,PMOS,
U12,SOP-8_3.9x4.9mm_P1.27mm,1,CC6900SO-20A,
U13,SOIC-8_3.9x4.9mm_P1.27mm,1,DS3231MZ,
U14,QFN-48-1EP_6x6mm_P0.4mm_EP4.3x4.3mm,1,QFN48,
U2,LQFP-64_10x10mm_P0.5mm,1,~,
U3,SOT-223-3_TabPin2,1,LM1117-3.3,
U4,SOT-23-6,1,USBLC6-2SC6,
U5,SOIC-8_5.275x5.275mm_P1.27mm,1,W25X40CLSS,
U6,SOT-23-6,1,MP2317GJ-P,
Y1,Crystal_SMD_3215-2Pin_3.2x1.5mm,1,32.768 kHz,
Y2,CRYSTAL-SMD_4P-L3.2-W2.5-BL,1,20Mhz,
Y3,Crystal_SMD_2012-2Pin_2.0x1.2mm,1,32.7680 KHz 12.5 pF,
Y4,Crystal_SMD_2016-4Pin_2.0x1.6mm,1,32.0000 MHz 8pF,
