﻿Designator,Footprint,Quantity,Value,LCSC Part #
ANT1,2500AT44M0400,1,2500AT44M0400E,
BT1,PinHeader_1x02_P2.54mm_Vertical,1,CR2032,
BZ1,Buzzer_Murata_PKLCS1212E,1,Buzzer,
C1,0402,1,4.7uF ,
"C10, C9",0402,2,8pF,C26408
"C11, C13, C16, C19, C21",0402,5,100nF,C307331
C12,0402,1,4.7uF,
C14,0402,1,3.4pF,C26404
C15,0402,1,1.2pF,C72135
"C17, C20",0402,2,0.5pF,C86284
"C18, C22, C23",0402,3,3pF,C318583
"C2, C3, C4, C5, C7",0402,5,100nF,
C24,0603,1,1uF,
C25,CP_Elec_5x5.9,1,10uF,
"C26, C28",0805,2,0.1uF,
C27,0805,1,10uF,
"C29, C30, C37",0805,3,100nF,
"C31, C36",0805,2,1uF,
"C32, C33",0805,2,22uF,
C34,0805,1,NS,
C35,0805,1,10pF,
C6,0603,1,100nF,
C8,0402,1,220nF,C16772
D1,0805,1,LED,
D2,LED_D3.0mm,1,LED,
"F1, F2, F3",RES-SMD_SA72SB0,3,SA72SB0,
"H1, H2, H3, H4, H7, H8",MountingHole_3.2mm_M3_DIN965_Pad,6,MountingHole,
"H5, H6",MountingHole_2.2mm_M2_DIN965_Pad,2,MountingHole,
J1,PinHeader_1x02_P2.54mm_Vertical,1,USER BUTTON,
J2,PinHeader_1x06_P2.54mm_Vertical,1,Conn_01x06,
J3,RJ45_OST_PJ012-8P8CX_Vertical,1,RJ45 PORT,
J4,PinHeader_1x04_P2.54mm_Vertical,1,PROG,
J5,AMASS_XT60-M_1x02_P7.20mm_Vertical,1,BATT_1,
J6,AMASS_XT60-M_1x02_P7.20mm_Vertical,1,CHG,
J7,AMASS_XT60-M_1x02_P7.20mm_Vertical,1,BEBAN,
J8,AMASS_XT60-M_1x02_P7.20mm_Vertical,1,BATT_2,
L1,0805,1,10uH,C504016
L2,0402,1,22nH,C12670
"L3, L4",0402,2,3n,
L5,L_7.3x7.3_H3.5,1,10uH,
"Q1, Q2, Q3, Q4",SOT-23,4,MMBT2222A 1P,C8512
Q5,SOT-23,1,BSS138,
"R1, R11",0603,2,100R,C22775
"R10, R14, R6",1206,3,3.3K,
"R12, R4, R8",1206,3,12K,
"R13, R2, R34, R37, R5, R9",0603,6,1K,
R15,0805,1,10K,
R16,0805,1,20K,
"R17, R18, R19, R20, R21, R23, R25, R26, R27, R28, R29, R31, R39, R40, R41",0603,15,10K,
"R22, R24, R30, R32",0603,4,2K,
R3,0805,1,4.7K,
R33,0603,1,3M3,
"R35, R36",0805,2,15K,
R38,0805,1,80.6K,
R7,0603,1,100K,
SW1,KEY-SMD_4P-L4.2-W3.2-P2.20-LS4.6,1,EN,C139797
SW2,KEY-SMD_4P-L4.2-W3.2-P2.20-LS4.6,1,BOOT_,C139797
TP1,TestPoint_Pad_D1.0mm,1, ,
"TP2, TP3",PinHeader_1x01_P2.54mm_Vertical,2,TestPoint,
TP4,TestPoint_Pad_2.0x2.0mm,1,TestPoint,
U1,TO-92_Inline,1,DS18B20,
U10,SOP-8_3.9x4.9mm_P1.27mm,1,CC6900SO-20A,
U11,SOIC-8_3.9x4.9mm_P1.27mm,1,DS3231MZ,
U2,QFN-48-1EP_6x6mm_P0.4mm_EP4.3x4.3mm,1,QFN48,
U3,SOIC-8_5.275x5.275mm_P1.27mm,1,W25X40CLSS,
U4,SOT-23-6,1,MP2317GJ-P,
U5,SOT-223-3_TabPin2,1,LM1117-3.3,
"U6, U7_2, U8, U9",AP3P3R0MT,4,PMOS,
U7,LogoRD,1,logo,
Y1,Crystal_SMD_2012-2Pin_2.0x1.2mm,1,32.7680 KHz 12.5 pF,
Y2,Crystal_SMD_2016-4Pin_2.0x1.6mm,1,32.0000 MHz 8pF,
